{
  "docs_url": "https://github.com/exercism/docs/blob/master/maintaining-a-track/maintainer-configuration.md",
  "maintainers": [
    {
      "github_username": "aarti",
      "alumnus": true,
      "show_on_website": false,
      "name": null,
      "link_text": null,
      "link_url": null,
      "avatar_url": null,
      "bio": null
    },
    {
      "github_username": "ryanplusplus",
      "alumnus": false,
      "show_on_website": true,
      "name": null,
      "link_text": null,
      "link_url": null,
      "avatar_url": null,
      "bio": "Lua perfectly embodies the philosophy of 'less is more'. I am smitten."
    },
    {
      "github_username": "robphoenix",
      "alumnus": true,
      "show_on_website": true,
      "name": "Rob Phoenix",
      "link_text": "robphoenix.com",
      "link_url": "https://blog.robphoenix.com/",
      "avatar_url": null,
      "bio": null
    },
    {
      "github_username": "imolein",
      "alumnus": false,
      "show_on_website": true,
      "name": null,
      "link_text": null,
      "link_url": null,
      "avatar_url": null,
      "bio": "Lua was the first programming language that triggered in me the desire to learn it and to get involved with programming in general."
    }
  ]
}
